id,first_name,last_name,emails
3000,Jennifer,Adams,p@x.com
3001,Steve,Adams,z@y.com
3002,Jesse,Bullock,"p@qq.com,zz@n.org"
3003,Tom,Bullock,"p@qq.com,zz@n.org"
3004,Martha,Collins,"p@qq.com,zz@n.org"
3005,Sally,Smith,"p@qq.com,zz@n.org"
3006,Thomas,Harper,"p@qq.com,zz@n.org"
3007,Amy,Evans,"p@qq.com,zz@n.org"
3008,Paul,Evans,"p@qq.com,zz@n.org"
3009,Kristen,Grisham,"p@qq.com,zz@n.org"
3010,John,Grisham,"p@qq.com,zz@n.org"
3011,Allison,Holland,"p@qq.com,zz@n.org"
3012,Peter,Holland,"p@qq.com,zz@n.org"
3013,Dora,Inez,"p@qq.com,zz@n.org"
3014,Emma,Jones,"p@qq.com,zz@n.org"
3015,Millie,Kravitz,"p@qq.com,zz@n.org"
3016,Lenny,Kravitz,"p@qq.com,zz@n.org"
3017,Jacob,Lough,"p@qq.com,zz@n.org"
3018,Kelly,Miner,"p@qq.com,zz@n.org"
3019,Julio,Nunez,"p@qq.com,zz@n.org"
3020,Stacey,Ogletree,"p@qq.com,zz@n.org"
3021,Charlotte,Prince,"p@qq.com,zz@n.org"
3022,Emily,Quora,"p@qq.com,zz@n.org"
